timestamp,task,category,prompt_a,prompt_b,response_a,response_b,relevance_a,clarity_a,completeness_a,conciseness_a,average_a,relevance_b,clarity_b,completeness_b,conciseness_b,average_b,winner
2026-06-24 12:12:58.562906,Explain what machine learning is,Technical Explanation,What is machine learning?,Explain machine learning in simple terms with a real life example for a beginner.,"# Machine Learning

Machine learning is a type of artificial intelligence that enables computers to **learn from data without being explicitly programmed**.

## How It Works

Instead of following pre-written instructions, ML systems:
- Identify patterns in data
- Improve performance through experience
- Make predictions or decisions based on learned patterns

## Main Types

**Supervised Learning** - Learning from labeled data (e.g., predicting house prices from features)

**Unsupervised Learning** - Finding hidden patterns in unlabeled data (e.g., grouping customers by behavior)

**Reinforcement Learning** - Learning through trial and error with rewards (e.g., training game-playing AI)

## Real-World Examples

- Email spam filters
- Recommendation systems (Netflix, Spotify)
- Image recognition
- Chatbots and language models
- Autonomous vehicles

## Key Idea

The system finds the patterns itself by analyzing examples, rather than someone manually coding the rules—making it flexible and scalable.

---

Would you like me to explain any specific aspect in more detail?","# Machine Learning in Simple Terms

## The Basic Idea
Machine learning is when computers **learn from examples** instead of being explicitly told what to do. They spot patterns and improve through practice.

## A Real-Life Example: Recognizing Dogs

Imagine teaching a child to identify dogs:

**Old way (traditional programming):**
- You'd give rules: ""Look for 4 legs, fur, a tail, and floppy ears""
- Problem: What about dogs with short tails or no fur? This gets complicated fast.

**Machine learning way:**
- You show a computer **hundreds of dog photos**
- You tell it: ""These are dogs, these are not dogs""
- The computer finds its own patterns (ear shapes, nose types, body proportions, etc.)
- Now when you show it a *new* dog photo, it can recognize it—even if it looks different from training examples

## Why This Matters

✅ **More flexible** — adapts to variations  
✅ **Handles complexity** — finds patterns humans might miss  
✅ **Improves over time** — gets better with more examples

## Real-World Applications
- **Email spam filters** — learns what spam looks like
- **Netflix recommendations** — learns your taste in movies
- **Face unlock** — recognizes your face from examples
- **Autocomplete** — predicts your next word

**Key takeaway:** Machine learning is teaching computers by example, not by writing rules.",9.0,9.0,8.0,8.0,8.5,9.0,10.0,8.0,8.0,8.75,B
2026-06-24 12:13:10.087866,Write a professional email requesting a meeting,Writing,Write an email to request a meeting.,"Write a professional, concise email to a senior manager requesting a 30-minute meeting to discuss project progress. Use a formal but friendly tone.","# Subject: Meeting Request – [Topic]

Dear [Recipient's Name],

I hope this message finds you well. I wanted to reach out to discuss [briefly state the purpose of the meeting].

I believe it would be beneficial for us to connect and align on [specific area/project/topic]. Would you have availability for a meeting in the coming week?

I'm flexible with timing and happy to work around your schedule. Some times that work well for me are:
- [Day] at [time]
- [Day] at [time]
- [Day] at [time]

Alternatively, please feel free to suggest a time that works better for you. The meeting should take approximately [15/30/60] minutes.

Please let me know your availability, and I'll send over a calendar invite.

Thank you for your time, and I look forward to speaking with you soon.

Best regards,
[Your Name]

---

**Note:** Customize the bracketed sections with your specific details, such as the recipient's name, meeting purpose, proposed times, and meeting duration.","**Subject: Project Progress Update – Brief Meeting Request**

Dear [Manager's Name],

I hope this message finds you well. I would like to schedule a brief 30-minute meeting to discuss the current status of [Project Name] and align on next steps.

I've made solid progress on [mention 1–2 key areas], but I'd value your input on [specific topic or decision point] before we move forward.

Would you have availability sometime this week? I'm flexible with my schedule and happy to work around your calendar.

Thank you for your time, and I look forward to connecting.

Best regards,
[Your Name]

---

**Optional additions:**
- *""I'll send over a brief agenda beforehand""* – if you prefer structured discussion
- *""Feel free to suggest a time that works best for you""* – if scheduling flexibility matters",10.0,10.0,9.0,9.0,9.5,9.0,9.0,8.0,9.0,8.75,A
2026-06-24 12:13:19.561421,Summarize the importance of data science,Summarization,Summarize data science importance.,"Write a 3-sentence summary of why data science is important in today's world, focusing on business and social impact.","# The Importance of Data Science

## Key Value Areas

**Business Decision-Making**
- Transforms raw data into actionable insights
- Enables data-driven strategy over intuition
- Reduces risk in major decisions

**Competitive Advantage**
- Uncovers hidden patterns and opportunities
- Optimizes operations and efficiency
- Personalizes customer experiences

**Problem Solving**
- Addresses complex, multi-variable challenges
- Predicts trends and future outcomes
- Automates repetitive processes

## Industry Impact

Data science drives innovation across:
- **Healthcare** – disease prediction, treatment optimization
- **Finance** – fraud detection, risk assessment
- **Retail** – demand forecasting, customer behavior
- **Manufacturing** – quality control, predictive maintenance
- **Technology** – recommendations, content optimization

## Why It Matters Now

- **Data abundance** – organizations generate massive datasets daily
- **Computational power** – technology makes analysis feasible
- **ROI potential** – high return on analytics investment
- **Speed advantage** – fast insights beat slower competitors

## Bottom Line

Data science converts information into intelligence. Organizations that leverage it effectively gain better insights, reduce costs, innovate faster, and make smarter decisions—making it essential in the modern economy.","# The Importance of Data Science Today

Data science enables businesses to make informed decisions by transforming vast amounts of raw data into actionable insights, driving efficiency, innovation, and competitive advantage across industries. Beyond profit, data science addresses critical societal challenges—from predicting disease outbreaks and improving healthcare to optimizing resource allocation and combating climate change. By combining advanced analytics with domain expertise, data science empowers organizations to create value while solving real-world problems that impact millions of lives globally.",9.0,9.0,8.0,8.0,8.5,9.0,9.0,8.0,8.0,8.5,B
2026-06-24 12:13:30.143248,Explain Python lists,Technical Explanation,What are Python lists?,Explain Python lists to a complete beginner with a simple code example and explain what the output means.,"# Python Lists

Python lists are **ordered, mutable collections** that can store multiple items of any data type in a single variable.

## Key Characteristics

- **Ordered**: Items have a defined order and index positions (starting at 0)
- **Mutable**: You can add, remove, or change items after creation
- **Allow duplicates**: The same value can appear multiple times
- **Mixed types**: Can contain different data types in one list

## Creating Lists

```python
# Empty list
my_list = []

# List with items
fruits = [""apple"", ""banana"", ""orange""]

# Mixed data types
mixed = [1, ""hello"", 3.14, True]

# Using list() constructor
numbers = list(range(1, 5))  # [1, 2, 3, 4]
```

## Common Operations

```python
# Accessing items
fruits[0]           # ""apple"" (first item)
fruits[-1]          # ""orange"" (last item)

# Adding items
fruits.append(""grape"")      # Add to end
fruits.insert(1, ""mango"")   # Insert at position

# Removing items
fruits.remove(""apple"")      # Remove by value
fruits.pop()                # Remove last item
del fruits[0]               # Delete by index

# Slicing
fruits[1:3]         # Items at index 1 and 2

# Length
len(fruits)         # Number of items

# Iteration
for fruit in fruits:
    print(fruit)
```

## Lists vs. Other Collections

| Type | Ordered | Mutable | Duplicates |
|------|---------|---------|-----------|
| List | ✓ | ✓ | ✓ |
| Tuple | ✓ | ✗ | ✓ |
| Set | ✗ | ✓ | ✗ |
| Dict | ✓ | ✓ | ✗ (keys) |

Lists are one of Python's most versatile and commonly used data structures!","# Python Lists for Beginners

## What is a List?

A **list** is a container that holds multiple items in a single variable. Think of it like a shopping list where you write down multiple items.

Key features:
- Items are stored in order
- You can add, remove, or change items
- Items can be different types (numbers, text, etc.)

## Simple Example

```python
# Creating a list of fruits
fruits = [""apple"", ""banana"", ""orange"", ""grape""]

# Print the entire list
print(fruits)

# Access the first item (index 0)
print(fruits[0])

# Access the last item
print(fruits[-1])

# Add a new item
fruits.append(""mango"")
print(fruits)

# Remove an item
fruits.remove(""banana"")
print(fruits)

# Get the number of items
print(len(fruits))
```

## Output Explanation

```
['apple', 'banana', 'orange', 'grape']
apple
grape
['apple', 'banana', 'orange', 'grape', 'mango']
['apple', 'orange', 'grape', 'mango']
4
```

**What each line means:**
1. `['apple', 'banana', 'orange', 'grape']` - The whole list printed
2. `apple` - The first item (position 0)
3. `grape` - The last item (using -1)
4. After adding ""mango"" - list now has 5 items
5. After removing ""banana"" - list now has 4 items
6. `4` - The list has 4 items remaining

**Note:** Lists use **0-based indexing**, meaning the first item is at position 0, not 1!",9.0,9.0,8.0,8.0,8.5,9.0,9.0,7.0,8.0,8.25,A
2026-06-24 12:13:45.477332,Give tips for a job interview,Advice,Give interview tips.,"Give 5 specific, actionable tips for a fresher attending their first technical job interview at an IT company.","# Interview Tips

## Before the Interview
- **Research thoroughly** – Know the company, role, and industry trends
- **Practice answers** – Prepare for common questions like ""Tell me about yourself""
- **Review your resume** – Be ready to discuss everything on it
- **Plan logistics** – Know the location, arrival time, and what to bring
- **Prepare questions** – Ask thoughtful questions about the role and company

## During the Interview

### First Impressions
- Dress appropriately for the industry
- Arrive 10-15 minutes early
- Offer a firm handshake and make eye contact
- Smile and show genuine enthusiasm

### Communication
- **Listen carefully** before answering
- Speak clearly and avoid filler words (""um,"" ""like"")
- Keep answers concise but detailed (2-3 minutes)
- Use specific examples (STAR method: Situation, Task, Action, Result)

### Behavior
- Maintain good posture and open body language
- Show genuine interest in the role
- Demonstrate how you can add value
- Stay positive about past experiences

## After the Interview
- **Send a thank-you email** within 24 hours
- Reiterate your interest and key points discussed
- Address any concerns you think arose
- Follow up if you don't hear back within the timeframe mentioned

## Final Tips
- Be authentic – don't try to be someone you're not
- Focus on what you can contribute
- Ask about next steps before leaving

Good luck! 🎯","# 5 Actionable Tips for Your First Technical Interview

## 1. **Practice Coding Out Loud**
Write solutions on paper or a whiteboard while explaining your thought process. This shows problem-solving skills, not just answers. Practice 5-10 common problems (array sorting, string manipulation, basic algorithms) beforehand so you can do this smoothly without overthinking.

## 2. **Clarify Requirements Before Coding**
Ask 2-3 questions about the problem: ""Should I handle edge cases like empty inputs?"" or ""What's the expected input range?"" This demonstrates maturity and prevents wasting time on wrong solutions. Takes 30 seconds but saves 10 minutes.

## 3. **Prepare 2-3 Project Stories with Real Details**
Have specific examples ready: ""I built a login system using Python/Flask that reduced database queries by 40% through caching."" Include what *you* did, what *you* learned, and what happened. Avoid vague statements—interviewers will ask follow-up questions.

## 4. **Research the Company's Tech Stack**
Spend 10 minutes on their website/GitHub finding which technologies they use. Mention this naturally: ""I see you use React; I've worked with Vue but I'm eager to learn React."" Shows genuine interest and helps tailor answers.

## 5. **Have Smart Questions Ready**
Ask about their codebase, CI/CD practices, or how juniors are mentored—*not* just salary/holidays. Example: ""What's the biggest technical challenge your team faced in the last quarter?"" This signals you're thinking long-term.

**Final note:** It's okay to say ""I don't know, but here's how I'd find out."" Freshers aren't expected to know everything.",9.0,9.0,9.0,8.0,8.75,9.0,10.0,8.0,8.0,8.75,B
2026-06-24 12:13:58.396600,Explain what SQL is,Technical Explanation,What is SQL?,"Explain SQL to someone who has never coded before, using a simple real-world analogy and one basic example query.","# SQL (Structured Query Language)

SQL is a standardized programming language used to manage and manipulate **relational databases**. It allows you to create, read, update, and delete data efficiently.

## Main Purposes

- **Query data** – Retrieve specific information from databases
- **Insert data** – Add new records
- **Update data** – Modify existing records
- **Delete data** – Remove records
- **Create/manage databases** – Define structure and relationships

## Key SQL Commands

| Command | Purpose |
|---------|---------|
| `SELECT` | Retrieve data from tables |
| `INSERT` | Add new data |
| `UPDATE` | Modify existing data |
| `DELETE` | Remove data |
| `CREATE` | Build new tables/databases |
| `ALTER` | Modify table structure |

## Simple Example

```sql
SELECT name, email 
FROM users 
WHERE age > 25;
```
This retrieves the name and email of all users over 25 years old.

## Why SQL Matters

- **Universal standard** – Works across most database systems (MySQL, PostgreSQL, SQL Server, Oracle, etc.)
- **Powerful** – Can handle complex data operations
- **Efficient** – Quickly processes large datasets
- **Essential skill** – Widely used in data analysis, software development, and business intelligence

SQL is foundational for anyone working with data!","# SQL Explained Simply

## The Library Analogy

Imagine a huge library with thousands of books. Instead of wandering the aisles, you go to the librarian's desk and ask: *""Show me all mystery novels published after 2020 that are currently in stock.""*

**SQL is like that request.** Instead of manually searching a library, it's a language for asking a computer to search through organized data and give you exactly what you need.

## The Basic Pieces

- **Database** = The entire library
- **Table** = A specific section (like ""Books"" or ""Members"")
- **Rows** = Individual items (each book)
- **Columns** = Characteristics (title, author, publication year)

## A Real Example

```sql
SELECT title, author 
FROM books 
WHERE genre = 'Mystery' AND year > 2020
ORDER BY title;
```

**In plain English:** ""Show me the titles and authors of all mystery books published after 2020, sorted alphabetically.""

This one sentence does what would take you hours to do by hand—instantly searching through thousands of records and returning only what matches your criteria.

---

**That's SQL's superpower:** You describe what data you want, and the computer finds it for you.",9.0,9.0,8.0,8.0,8.5,9.0,10.0,8.0,9.0,9.0,B
2026-06-24 12:14:09.154070,Write a product description,Writing,Write a product description for a water bottle.,Write a compelling 50-word product description for an eco-friendly stainless steel water bottle targeting health-conscious young adults.,"# HydroFlow Water Bottle

**Stay Hydrated, Wherever You Go**

Keep your beverages at the perfect temperature with the HydroFlow Water Bottle—designed for active lifestyles and everyday convenience.

## Key Features

- **Double-Wall Insulation** – Keeps cold drinks ice-cold for 24 hours or hot drinks steaming for 12 hours
- **Leak-Proof Design** – Secure cap prevents spills in backpacks, gym bags, and car cup holders
- **Wide Mouth Opening** – Easy to fill, clean, and add ice cubes
- **Durable Construction** – Premium stainless steel built to withstand drops and daily wear
- **Lightweight & Portable** – Available in 16oz, 24oz, and 32oz sizes
- **Eco-Friendly** – Reusable design reduces plastic waste

## Perfect For

Whether you're hitting the gym, heading to the office, exploring the outdoors, or staying home, HydroFlow keeps your drink just right—all day long.

## Colors

Choose from modern Black, Seafoam Green, Sunset Orange, and Stainless Steel.

---

*Invest in your hydration. Order your HydroFlow Water Bottle today.*","# Hydrate Sustainably

Stay refreshed while saving the planet. Our premium stainless steel bottle keeps drinks cold for 24 hours or hot for 12—no plastic waste. Lightweight, durable, and stylishly designed for on-the-go wellness warriors. Make every sip count. Perfect for gym, office, or adventure.",10.0,10.0,9.0,9.0,9.5,9.0,9.0,7.0,9.0,8.5,A
2026-06-24 12:14:22.979256,Explain climate change,General Explanation,What is climate change?,"Explain climate change in simple language suitable for a 15-year-old, including one cause, one effect, and one solution.","# Climate Change: The Basics

Climate change refers to long-term shifts in global temperatures and weather patterns, primarily driven by human activities since the Industrial Revolution.

## Key Points

**Primary cause:** Greenhouse gas emissions (mainly CO₂) from burning fossil fuels, agriculture, and industrial processes trap heat in Earth's atmosphere.

**Main effects:**
- Rising global temperatures
- Changing precipitation patterns
- More frequent extreme weather events
- Rising sea levels
- Shifts in ecosystems and wildlife habitats

**Evidence includes:**
- Temperature records showing warming trends
- Melting ice sheets and glaciers
- Observable changes in plant and animal behavior

## Natural vs. Human-Caused

While Earth's climate has always changed naturally, current warming is happening much faster than historical patterns and is attributed primarily to human activity (about 97% scientific consensus).

## Why It Matters

Climate change poses risks to food security, water availability, human health, economic systems, and biodiversity globally.

Would you like to know more about specific aspects, like solutions or regional impacts?","# Climate Change Explained Simply

## What Is It?
Earth's average temperature is slowly rising because gases in our atmosphere trap heat from the sun, like a blanket getting thicker. This warming is changing weather patterns and ecosystems worldwide.

## One Major Cause
**Burning fossil fuels** (coal, oil, and gas) releases carbon dioxide into the air. When we drive cars, heat buildings, or run power plants, we're adding these heat-trapping gases that make the blanket thicker.

## One Important Effect
**Extreme weather is getting worse.** We're seeing more severe hurricanes, droughts, floods, and heat waves. This affects crops, homes, and people's safety—especially in poorer countries that did less to cause the problem.

## One Solution That Works
**Switch to renewable energy** like solar and wind power. These don't release carbon dioxide when making electricity. As more countries and companies make this switch, we pump less heat-trapping gas into the air.

## Why Should You Care?
Climate change will shape the world you'll live in as an adult. The good news? We still have time to slow it down if we act now—and many people are already working on solutions.",9.0,9.0,8.0,8.0,8.5,9.0,10.0,7.0,9.0,8.75,B
2026-06-24 12:14:44.359958,Explain the differnce between supervised and unsupervised learning,Learning,explain supervised and unsupervised learning,explain the key differences between supervised and unsuperised learning for greater mark in points,"# Supervised vs Unsupervised Learning

## **Supervised Learning**

### Definition
Learning from **labeled data** where both inputs and correct outputs are provided.

### How it works
- You have training data with features AND answers
- Algorithm learns the mapping between inputs and outputs
- Used to make predictions on new, unseen data

### Common examples
- **Regression**: Predicting house prices from features (size, location, etc.)
- **Classification**: Email spam detection, disease diagnosis, sentiment analysis

### Key characteristics
✓ Requires labeled datasets (expensive/time-consuming to create)
✓ Better accuracy when training data is good
✓ Clear performance metrics
✓ More practical for specific tasks

---

## **Unsupervised Learning**

### Definition
Learning from **unlabeled data** to discover hidden patterns or structure.

### How it works
- You only have input data (no correct answers provided)
- Algorithm finds patterns, relationships, or groupings on its own
- Useful for exploration and understanding data

### Common examples
- **Clustering**: Grouping customers by behavior, organizing documents by topic
- **Dimensionality reduction**: Simplifying data while keeping important info
- **Anomaly detection**: Finding unusual transactions or network intrusions

### Key characteristics
✓ No labeled data needed
✓ Good for exploration and discovery
✓ Harder to evaluate (no ""right answer"")
✓ Often used for preprocessing

---

## **Quick Comparison Table**

| Aspect | Supervised | Unsupervised |
|--------|-----------|-------------|
| **Data** | Labeled | Unlabeled |
| **Goal** | Predict outputs | Find patterns |
| **Evaluation** | Easy (compare to labels) | Difficult |
| **Cost** | Higher (labeling needed) | Lower |
| **Use case** | Decision-making tasks | Data exploration |","# Key Differences Between Supervised and Unsupervised Learning

## **SUPERVISED LEARNING**

### **Definition & Approach**
- Learning from **labeled data** with known outputs
- Algorithm learns from input-output pairs (X, Y)
- Requires human annotation/labeling before training

### **Data Characteristics**
- **Labeled datasets** - each example has a correct answer
- Target variable is **known and available**
- Data is **pre-processed and annotated**

### **Goals**
- Predict future outcomes for new data
- Minimize prediction error
- Build predictive models

### **Common Applications**
- Email spam detection (spam/not spam labels)
- Disease diagnosis (patient data → diagnosis)
- House price prediction (features → price)
- Image classification (images → labels)

### **Algorithms Used**
- Linear/Logistic Regression
- Decision Trees
- Support Vector Machines (SVM)
- Neural Networks

### **Evaluation**
- Uses labeled test set to measure accuracy
- Metrics: Accuracy, Precision, Recall, F1-score, RMSE

---

## **UNSUPERVISED LEARNING**

### **Definition & Approach**
- Learning from **unlabeled data** with unknown outputs
- Algorithm finds hidden patterns independently
- No pre-existing labels required

### **Data Characteristics**
- **Unlabeled datasets** - no correct answers provided
- Target variable is **unknown/not available**
- Algorithm discovers structure on its own

### **Goals**
- Find hidden patterns or groupings
- Reduce data dimensionality
- Explore data structure
- Generate insights

### **Common Applications**
- Customer segmentation (grouping similar customers)
- Gene sequencing (finding patterns in DNA)
- Recommendation systems (finding similar products)
- Anomaly detection (identifying unusual data points)

### **Algorithms Used**
- K-Means Clustering
- Hierarchical Clustering
- Principal Component Analysis (PCA)
- DBSCAN

### **Evaluation**
- **No ground truth** for comparison
- Metrics: Silhouette Score, Davies-Bouldin Index, Elbow Method

---

## **QUICK COMPARISON TABLE**

| Feature | **Supervised** | **Unsupervised** |
|---------|---|---|
| **Labeled Data** | ✓ Required | ✗ Not needed |
| **Target Output** | Known | Unknown |
| **Complexity** | Less complex | More complex |
| **Cost** | Higher (labeling) | Lower |
| **Evaluation** | Easy & Clear | Difficult & Subjective |
| **Real-world Use** | Very common | Growing trend |

---

## **Key Insight for Exams**

**Supervised** = *""Learning WITH a teacher""* (labeled answers provided)

**Unsupervised** = *""Learning WITHOUT a teacher""* (discovering answers independently)",10.0,10.0,9.0,9.0,9.5,10.0,10.0,9.0,8.0,9.25,A
